,,,
Donald Trump,Hillary Clinton,Narendra Modi,Rahul Gandhi
Mike Pence,Bill Clinton,Amit Shah,Sonia Gandhi
Kevin McCarthy,George Bush,Arun Jiatley,Priyanka Gandhi
Steve Scalise,Barack Obama,Sushma Swaraj,Manishankar Iyeer
Liz Cheney,Bernie Sanders,Yogi Adiyanath,Navjot Singh Sidhu
Tom Emmer,Kamala Harris,Udhav Thackrey,
Meliania Trump,Beto O'Rourke,Prakash Singh Badal,
Ivanka Trump,Joe Biden,Shivraj Chauhan,
Mark Walker,Elizabeth Warren,Manoj Tiwari,
Jason Smith,Cory Booker,,
Gary Palmer,Pete Buttigieg,,
Jr. Donald Trump,Amy Klobuchar,,
Eric Trump,Julain Castro,,
